"Hive","Avg_CellSize"
1,0.519039258451472
2,0.528097244732577
NA,NA
