"education","agree","disagree"
10.1951219512195,24.8780487804878,45.1463414634146
